{"cameraMode":{"drawMode":0,"name":"Shaded","section":"Shading Mode"},"sceneLighting":true,"audioPlay":false,"sceneViewState":{"showFog":false,"showMaterialUpdate":false,"showSkybox":false,"showFlares":false,"showImageEffects":false,"showParticleSystems":false},"in2DMode":false,"pivot":{"x":45.92243957519531,"y":-34.663429260253909,"z":-88.05316925048828},"rotation":{"x":0.1637963503599167,"y":0.6676031351089478,"z":-0.15407097339630128,"w":0.7097457051277161},"size":119.30833435058594,"orthographic":false}