{"cameraMode":{"drawMode":0,"name":"Shaded","section":"Shading Mode"},"sceneLighting":true,"audioPlay":false,"sceneViewState":{"showFog":false,"showMaterialUpdate":false,"showSkybox":false,"showFlares":false,"showImageEffects":false,"showParticleSystems":false},"in2DMode":false,"pivot":{"x":-92.38328552246094,"y":-3.387063980102539,"z":7.271213531494141},"rotation":{"x":0.170697882771492,"y":0.30168694257736208,"z":-0.05499543622136116,"w":0.9363881349563599},"size":74.32181549072266,"orthographic":false}